segment_id,user_id,8-8_DU1,8-8_DU2,8-8_DUtotal,65-32_DU1,65-32_DU2,65-32_DUtotal,69-32_DU1,69-32_DU2,69-32_DUtotal,16-16_DU1,16-16_DU2,16-16_DUtotal,73-32_DU1,73-32_DU2,73-32_DUtotal,32-83_DU1,32-83_DU2,32-83_DUtotal,73-78_DU1,73-78_DU2,73-78_DUtotal,32-67_DU1,32-67_DU2,32-67_DUtotal,82-69_DU1,82-69_DU2,82-69_DUtotal,32-80_DU1,32-80_DU2,32-80_DUtotal,32-68_DU1,32-68_DU2,32-68_DUtotal,32-65_DU1,32-65_DU2,32-65_DUtotal
0001_1,0001,0.06,0.0099,0.0238,0.111,0.099,0.24,0.126,0.0975,0.232,0.0041,0.028,0.00365,0.084,0.11,0.254,0.09,0.142,0.308,0.099,0.125,0.212,0.1,0.122,0.0265,0.088,0.127,0.222,0.095,0.0925,0.03095,0.106,0.115,0.0262,0.079,0.116,0.0295
0001_2,0001,0.043,0.0106,0.0234,0.1305,0.0895,0.267,0.119,0.09,0.243,0.004,0.0276,0.00315,0.084,0.104,0.274,0.091,0.121,0.287,0.103,0.106,0.2335,0.1,0.121,0.0307,0.104,0.125,0.218,0.086,0.0855,0.02765,0.084,0.1305,0.02955,0.11,0.134,0.0302
0002_1,0002,0.07,0.0069,0.0223,0.07,0.068,0.205,0.069,0.069,0.217,0.0033,0.02165,0.002825,0.061,0.07,0.319,0.069,0.07,0.226,0.061,0.061,0.2785,0.0695,0.07,0.0263,0.069,0.061,0.241,0.069,0.0685,0.042,0.069,0.0695,0.02145,0.069,0.079,0.0242
0002_2,0002,0.069,0.0061,0.0226,0.078,0.0645,0.2015,0.07,0.069,0.1935,0.0033,0.01825,0.002155,0.0615,0.0705,0.3285,0.077,0.079,0.234,0.061,0.061,0.272,0.0645,0.0695,0.0321,0.07,0.07,0.222,0.067,0.069,0.0318,0.07,0.07,0.0274,0.07,0.079,0.0288
0003_1,0003,0.071,0.0072,0.0217,0.0805,0.067,0.163,0.0715,0.0715,0.1665,0.0041,0.0749,0.0079,0.0625,0.072,0.247,0.0685,0.0815,0.172,0.062,0.0715,0.2245,0.069,0.065,0.0163,0.061,0.072,0.148,0.0665,0.0725,0.02635,0.0705,0.0735,0.01655,0.071,0.0815,0.0184
0003_2,0003,0.042,0.0097,0.0224,0.081,0.064,0.166,0.074,0.0625,0.163,0.0041,0.0308,0.00356,0.057,0.061,0.233,0.071,0.082,0.183,0.061,0.063,0.2075,0.07,0.071,0.0155,0.0695,0.0735,0.1725,0.062,0.072,0.0257,0.065,0.0775,0.01625,0.061,0.072,0.0183
0004_1,0004,0.037,0.02575,0.03315,0.143,0.122,0.341,0.1325,0.1295,0.405,0.0382,0.0228,0.00753,0.112,0.137,0.344,0.1245,0.1305,0.3915,0.0985,0.1135,0.3245,0.111,0.1115,0.03915,0.106,0.13,0.284,0.14,0.106,0.04345,0.1255,0.1245,0.04185,0.1205,0.1405,0.03385
0004_2,0004,0.069,0.0116,0.0275,0.1595,0.1325,0.3455,0.143,0.143,0.383,0.0037,0.03505,0.004615,0.116,0.143,0.359,0.143,0.138,0.382,0.116,0.122,0.351,0.117,0.122,0.0373,0.117,0.143,0.328,0.146,0.122,0.04285,0.137,0.133,0.0404,0.1275,0.138,0.03855
0004_3,0004,0.038,0.014,0.029,0.159,0.1695,0.4605,0.1555,0.149,0.3865,0.0037,0.0334,0.00372,0.138,0.164,0.421,0.146,0.135,0.36,0.1275,0.133,0.3835,0.154,0.141,0.0401,0.1245,0.1465,0.329,0.1565,0.1405,0.04665,0.17,0.151,0.0394,0.154,0.159,0.0405
0005_1,0005,0.08,0.008,0.0222,0.101,0.095,0.2015,0.0955,0.096,0.216,0.0037,0.0122,0.00159,0.09,0.095,0.269,0.096,0.097,0.252,0.085,0.096,0.257,0.1005,0.09,0.02705,0.0955,0.0985,0.2675,0.0855,0.09,0.03145,0.091,0.085,0.0217,0.095,0.106,0.029
0005_2,0005,0.08,0.008,0.0221,0.106,0.096,0.21,0.106,0.09,0.22,0.0465,0.0175,0.00598,0.085,0.09,0.275,0.0925,0.1085,0.25,0.085,0.0825,0.2555,0.085,0.09,0.0241,0.09,0.106,0.266,0.085,0.09,0.03185,0.0915,0.0985,0.02275,0.09,0.101,0.0242
0006_1,0006,0.064,0.0076,0.0224,0.099,0.114,0.244,0.114,0.119,0.254,0.0039,0.0369,0.00548,0.1,0.122,0.24,0.117,0.1075,0.2635,0.082,0.1495,0.234,0.124,0.115,0.0309,0.06,0.129,0.189,0.11,0.139,0.034,0.119,0.1295,0.02935,0.105,0.103,0.0249
0007_1,0007,0.074,0.0096,0.02705,0.138,0.107,0.301,0.116,0.106,0.251,0.0037,0.09225,0.0096,0.09,0.0975,0.2405,0.1165,0.1615,0.405,0.09,0.085,0.283,0.114,0.1435,0.04375,0.091,0.117,0.245,0.106,0.101,0.0326,0.101,0.165,0.0334,0.106,0.148,0.0447
0007_2,0007,0.037,0.01435,0.02545,0.153,0.101,0.286,0.116,0.111,0.256,0.0037,0.0316,0.003535,0.09,0.101,0.2635,0.106,0.154,0.329,0.0945,0.096,0.302,0.106,0.149,0.0368,0.09,0.127,0.274,0.101,0.1055,0.03905,0.106,0.138,0.0332,0.1035,0.164,0.03255
0008_1,0008,0.048,0.0092,0.02485,0.082,0.067,0.19,0.071,0.065,0.174,,,,0.065,0.0685,0.2385,0.0655,0.0815,0.2405,0.085,0.0785,0.171,0.069,0.089,0.0224,0.062,0.074,0.156,0.0715,0.075,0.02855,0.06,0.105,0.02395,0.0725,0.0775,0.02165
0008_2,0008,0.064,0.0078,0.0239,0.084,0.061,0.161,0.071,0.067,0.177,0.3221,0.0553,0.27521,0.065,0.0715,0.236,0.067,0.079,0.2,0.091,0.083,0.175,0.0605,0.079,0.02965,0.0765,0.079,0.1695,0.065,0.0785,0.0295,0.07,0.083,0.0218,0.062,0.087,0.0236
0009_1,0009,0.065,0.0075,0.023,0.1235,0.09,0.273,0.114,0.091,0.236,0.0024,0.0095,0.001305,0.097,0.097,0.241,0.0945,0.117,0.519,0.099,0.1165,0.283,0.118,0.124,0.0418,0.091,0.106,0.201,0.091,0.06,0.0515,0.0995,0.1335,0.0322,0.0785,0.119,0.05995
0009_2,0009,0.069,0.0072,0.02375,0.132,0.108,0.25,0.115,0.111,0.249,0.0025,0.0103,0.00128,0.1065,0.1085,0.228,0.115,0.1195,0.7085,0.083,0.122,0.314,0.118,0.127,0.0531,0.103,0.1235,0.263,0.1075,0.0995,0.06355,0.109,0.1295,0.05035,0.108,0.138,0.0453
0010_1,0010,0.1175,0.012,0.0302,0.1355,0.1355,0.2795,0.112,0.1355,0.2775,0.0033,0.14555,0.014885,0.1035,0.12,0.3315,0.135,0.16,0.4055,0.119,0.125,0.264,0.1355,0.144,0.03075,0.092,0.1515,0.25,0.119,0.152,0.04,0.112,0.152,0.03,0.124,0.14,0.0276
0010_2,0010,0.033,0.0128,0.0281,0.1405,0.1415,0.3595,0.136,0.135,0.287,0.0033,0.0441,0.005945,0.104,0.136,0.359,0.12,0.144,0.288,0.1195,0.1185,0.2475,0.136,0.143,0.03525,0.0835,0.18,0.2595,0.12,0.136,0.0378,0.124,0.1605,0.0404,0.136,0.144,0.0296
0011_1,0011,0.03,0.01,0.0254,0.077,0.112,0.19,0.09,0.115,0.21,,,,0.095,0.11,0.224,0.11,0.115,0.334,0.098,0.0965,0.277,0.113,0.1415,0.0349,0.102,0.1435,0.307,0.1015,0.115,0.02865,0.114,0.119,0.0339,0.12,0.11,0.0299
0011_2,0011,0.031,0.0099,0.0249,0.09,0.109,0.209,0.079,0.105,0.191,0.0264,0.0215,0.00718,0.08,0.104,0.214,0.115,0.125,0.355,0.091,0.095,0.2615,0.109,0.123,0.0394,0.104,0.129,0.294,0.1125,0.1115,0.0371,0.109,0.163,0.0344,0.1075,0.1195,0.03165
0011_3,0011,0.075,0.0091,0.0264,0.089,0.11,0.194,0.079,0.115,0.185,,,,0.085,0.11,0.2235,0.109,0.115,0.313,0.09,0.094,0.284,0.11,0.134,0.0309,0.09,0.095,0.259,0.115,0.1125,0.03395,0.1075,0.124,0.0339,0.113,0.12,0.0313
0012_1,0012,0.061,0.0063,0.0209,0.102,0.087,0.197,0.091,0.087,0.187,0.0812,0.0523,0.13502,0.082,0.091,0.253,0.087,0.111,0.2135,0.064,0.081,0.143,0.081,0.087,0.0204,0.064,0.112,0.176,0.089,0.104,0.0287,0.088,0.106,0.0215,0.085,0.124,0.024
0012_2,0012,0.076,0.009,0.0233,0.1045,0.0875,0.208,0.0895,0.0825,0.184,0.12,0.3365,0.05086,0.0755,0.0895,0.244,0.0815,0.1135,0.209,0.059,0.082,0.143,0.0895,0.09,0.0209,0.068,0.104,0.182,0.076,0.0875,0.0259,0.095,0.094,0.0206,0.087,0.122,0.0223
0013_1,0013,0.068,0.0071,0.0223,0.1,0.073,0.211,0.0845,0.0775,0.1935,,,,0.067,0.076,0.241,0.079,0.109,0.2475,0.076,0.078,0.193,0.0745,0.093,0.0285,0.086,0.088,0.1855,0.068,0.083,0.0276,0.073,0.116,0.0222,0.07,0.099,0.0207
0013_2,0013,0.067,0.007,0.0211,0.101,0.073,0.192,0.087,0.074,0.19,,,,0.065,0.072,0.242,0.0795,0.0965,0.2315,0.0815,0.069,0.2045,0.083,0.091,0.0272,0.087,0.097,0.201,0.0645,0.0735,0.02545,0.079,0.118,0.0244,0.073,0.114,0.0275
0014_1,0014,0.034,0.0085,0.0232,0.11,0.1225,0.227,0.0895,0.1195,0.2085,0.0033,0.0349,0.0038,0.093,0.1085,0.217,0.112,0.1115,0.256,0.0905,0.096,0.263,0.108,0.115,0.0538,0.071,0.111,0.1865,0.124,0.089,0.0273,0.106,0.117,0.0225,0.107,0.119,0.0243
0014_2,0014,0.034,0.0107,0.0233,0.1105,0.1255,0.245,0.089,0.117,0.215,0.0033,0.12135,0.012465,0.093,0.114,0.226,0.113,0.098,0.257,0.084,0.094,0.261,0.1235,0.1275,0.03,0.0615,0.1195,0.177,0.1185,0.092,0.0256,0.121,0.12,0.0266,0.103,0.104,0.0223
0014_3,0014,0.0715,0.0097,0.0242,0.112,0.12,0.229,0.086,0.1225,0.2095,,,,0.086,0.119,0.2165,0.117,0.1115,0.2525,0.085,0.0835,0.264,0.1225,0.12,0.02995,0.0705,0.1175,0.182,0.115,0.088,0.0272,0.119,0.104,0.0288,0.1205,0.123,0.02485
0015_1,0015,0.071,0.00705,0.0208,0.091,0.072,0.206,0.081,0.071,0.2,,,,0.072,0.075,0.252,0.071,0.091,0.236,0.079,0.086,0.212,0.071,0.092,0.0222,0.071,0.085,0.1695,0.064,0.0975,0.033,0.0705,0.099,0.02355,0.081,0.091,0.0217
0015_2,0015,0.0645,0.0071,0.02245,0.101,0.072,0.205,0.097,0.071,0.196,,,,0.071,0.071,0.2455,0.0715,0.0915,0.2505,0.091,0.084,0.212,0.071,0.141,0.03255,0.0875,0.097,0.1825,0.071,0.081,0.0338,0.071,0.1115,0.029,0.073,0.097,0.0266
0016_1,0016,0.038,0.02385,0.03345,0.122,0.127,0.325,0.109,0.1205,0.2945,,,,0.111,0.122,0.292,0.131,0.104,0.363,0.097,0.118,0.387,0.121,0.1025,0.0339,0.098,0.0905,0.3065,0.1185,0.125,0.0352,0.123,0.096,0.0346,0.126,0.128,0.036
0016_2,0016,0.037,0.404,0.41145,0.128,0.137,0.309,0.104,0.122,0.291,,,,0.106,0.12,0.29,0.13,0.101,0.303,0.107,0.127,0.3785,0.116,0.098,0.03195,0.09,0.09,0.277,0.121,0.122,0.0316,0.1265,0.107,0.02915,0.131,0.115,0.03155
0017_1,0017,0.087,0.0079,0.0263,0.118,0.086,0.284,0.119,0.088,0.279,0.0031,0.059,0.00652,0.088,0.087,0.304,0.088,0.119,0.279,0.133,0.121,0.255,0.089,0.136,0.0303,0.096,0.12,0.232,0.0835,0.1235,0.05465,0.094,0.153,0.0279,0.087,0.12,0.0255
0017_2,0017,0.072,0.00745,0.0259,0.103,0.087,0.263,0.111,0.087,0.279,0.0031,0.05595,0.006315,0.08,0.094,0.304,0.087,0.1025,0.2405,0.119,0.112,0.247,0.094,0.135,0.031,0.087,0.1125,0.2235,0.089,0.112,0.0535,0.093,0.159,0.0327,0.091,0.116,0.0264
0018_1,0018,0.085,0.0111,0.0314,0.133,0.148,0.364,0.117,0.144,0.312,0.0037,0.2766,0.02841,0.123,0.149,0.358,0.148,0.106,0.438,0.141,0.1275,0.386,0.146,0.0985,0.03815,0.107,0.117,0.295,0.1465,0.0985,0.04325,0.141,0.11,0.036,0.144,0.128,0.043
0018_2,0018,0.095,0.0106,0.0299,0.133,0.133,0.389,0.122,0.144,0.302,0.0037,0.1483,0.0152,0.112,0.138,0.48,0.136,0.1095,0.463,0.138,0.13,0.357,0.133,0.1035,0.03565,0.112,0.123,0.293,0.138,0.101,0.044,0.133,0.106,0.0411,0.1465,0.133,0.04465
0019_1,0019,0.06,0.0065,0.0221,0.111,0.071,0.22,0.0985,0.0775,0.2535,0.0033,0.0352,0.0042,0.0685,0.079,0.2945,0.076,0.136,0.392,0.07,0.0735,0.265,0.069,0.126,0.0289,0.065,0.1385,0.2035,0.065,0.074,0.04425,0.072,0.1305,0.0379,0.066,0.127,0.032
0019_2,0019,0.065,0.0065,0.0218,0.1105,0.07,0.217,0.0985,0.0705,0.242,0.0033,0.8844,0.088775,0.065,0.0675,0.2935,0.071,0.112,0.442,0.061,0.074,0.263,0.069,0.1335,0.0325,0.06,0.139,0.2015,0.065,0.07,0.0575,0.066,0.125,0.0274,0.07,0.131,0.0408
0020_1,0020,0.061,0.007,0.0228,0.1055,0.079,0.198,0.083,0.083,0.2175,0.0033,0.0475,0.00589,0.061,0.069,0.2705,0.087,0.095,0.218,0.078,0.07,0.24,0.088,0.075,0.02115,0.097,0.086,0.192,0.061,0.097,0.0305,0.088,0.106,0.0236,0.087,0.105,0.0215
0020_2,0020,0.061,0.0079,0.0255,0.099,0.079,0.202,0.086,0.078,0.186,0.0033,0.15945,0.016275,0.061,0.0745,0.273,0.087,0.088,0.2375,0.079,0.086,0.245,0.079,0.069,0.0208,0.0825,0.095,0.1785,0.061,0.0835,0.02865,0.079,0.105,0.0224,0.0745,0.089,0.02115
0021_1,0021,0.038,0.01985,0.03125,0.117,0.085,0.197,0.09,0.081,0.179,0.00375,0.01095,0.001455,0.087,0.08,0.291,0.079,0.133,0.249,0.086,0.09,0.286,0.09,0.133,0.0269,0.069,0.113,0.183,0.09,0.086,0.03175,0.074,0.128,0.024,0.08,0.13,0.0246
0021_2,0021,0.065,0.0105,0.0229,0.1035,0.0955,0.2055,0.102,0.091,0.197,,,,0.085,0.099,0.29,0.096,0.112,0.25,0.0825,0.0955,0.281,0.0845,0.1225,0.0245,0.064,0.124,0.197,0.088,0.08,0.0295,0.099,0.124,0.0265,0.08,0.143,0.0271
0021_3,0021,0.038,0.0135,0.025,0.135,0.078,0.213,0.095,0.079,0.183,0.0529,0.0051,0.0058,0.0805,0.084,0.2945,0.0725,0.107,0.2085,0.08,0.09,0.321,0.075,0.1305,0.02475,0.047,0.144,0.196,0.078,0.0795,0.0285,0.085,0.154,0.0278,0.078,0.123,0.0226
0022_1,0022,0.08,0.00765,0.02215,0.103,0.116,0.211,0.0875,0.1125,0.2,0.003,0.05435,0.005935,0.073,0.115,0.192,0.092,0.1085,0.2085,0.085,0.108,0.1915,0.106,0.114,0.0267,0.059,0.102,0.168,0.105,0.112,0.0239,0.088,0.107,0.0228,0.103,0.129,0.0246
0022_2,0022,0.079,0.0082,0.0225,0.083,0.113,0.203,0.071,0.1135,0.186,,,,0.082,0.115,0.213,0.103,0.1215,0.236,0.066,0.119,0.194,0.096,0.098,0.0209,0.0615,0.0915,0.1575,0.101,0.11,0.0215,0.107,0.114,0.02595,0.1035,0.128,0.0257
0023_1,0023,0.034,0.01215,0.0296,0.104,0.064,0.36,0.071,0.064,0.399,0.0033,0.13335,0.01366,0.064,0.056,0.368,0.064,0.096,0.505,0.0715,0.064,0.4635,0.064,0.072,0.0424,0.072,0.072,0.256,0.056,0.072,0.0752,0.064,0.072,0.04275,0.064,0.112,0.0441
0024_1,0024,0.014,0.0013,0.0141,0.016,0.016,0.1055,0.016,0.016,0.12,,,,0.013,0.02,0.257,0.019,0.017,0.31,0.0145,0.0165,0.193,0.0175,0.017,0.0325,0.016,0.016,0.18,0.015,0.017,0.0556,0.0155,0.017,0.04635,0.0185,0.017,0.04895
0025_1,0025,0.072,0.008,0.0224,0.095,0.077,0.191,0.081,0.079,0.1835,,,,0.08,0.079,0.295,0.08,0.08,0.2,0.0715,0.08,0.2395,0.0795,0.088,0.02545,0.073,0.075,0.224,0.072,0.08,0.0287,0.08,0.0725,0.01925,0.079,0.088,0.0224
0025_2,0025,0.071,0.0088,0.0223,0.0875,0.079,0.191,0.08,0.076,0.1835,,,,0.079,0.072,0.272,0.071,0.08,0.2075,0.077,0.072,0.2445,0.079,0.08,0.0216,0.08,0.079,0.224,0.0755,0.08,0.03195,0.079,0.08,0.0264,0.072,0.088,0.024
0026_1,0026,0.065,0.0068,0.02015,0.079,0.072,0.1685,0.067,0.067,0.159,0.02,0.0175,0.04031,0.064,0.068,0.15,0.0695,0.096,0.221,0.06,0.071,0.219,0.066,0.089,0.0205,0.051,0.09,0.144,0.0705,0.064,0.02165,0.069,0.088,0.0194,0.068,0.067,0.0218
0026_2,0026,0.068,0.0068,0.0202,0.084,0.076,0.179,0.068,0.072,0.1635,,,,0.064,0.073,0.155,0.063,0.089,0.23,0.061,0.0725,0.222,0.071,0.094,0.0184,0.061,0.092,0.168,0.067,0.068,0.0242,0.076,0.09,0.0209,0.072,0.083,0.0231
0027_1,0027,0.063,0.0062,0.0203,0.12,0.075,0.2595,0.115,0.074,0.249,,,,0.092,0.077,0.306,0.073,0.135,0.354,0.1025,0.0875,0.281,0.076,0.077,0.0314,0.093,0.1075,0.2695,0.075,0.097,0.0616,0.068,0.148,0.0328,0.075,0.122,0.0394
0027_2,0027,0.051,0.00725,0.0219,0.135,0.074,0.266,0.11,0.0745,0.2605,0.006,0.0872,0.00947,0.08,0.0755,0.3145,0.075,0.171,0.351,0.098,0.093,0.291,0.075,0.089,0.035,0.1005,0.113,0.2855,0.065,0.091,0.0557,0.0755,0.154,0.0325,0.083,0.127,0.0346
0027_3,0027,0.068,0.0065,0.0219,0.133,0.0845,0.2665,0.115,0.083,0.27,,,,0.082,0.075,0.294,0.082,0.1605,0.3245,0.1,0.086,0.269,0.083,0.104,0.03495,0.134,0.124,0.321,0.081,0.1,0.04915,0.0775,0.1405,0.0305,0.08,0.108,0.0315
0028_1,0028,0.057,0.006,0.0201,0.071,0.055,0.171,0.056,0.055,0.166,,,,0.0475,0.063,0.249,0.063,0.065,0.1875,0.05,0.046,0.2095,0.0595,0.0665,0.0166,0.062,0.065,0.1355,0.056,0.0445,0.0251,0.062,0.076,0.0174,0.061,0.0655,0.01675
0028_2,0028,0.047,0.0062,0.0196,0.079,0.058,0.191,0.061,0.0575,0.1675,,,,0.0475,0.068,0.2545,0.0605,0.0625,0.2185,0.048,0.056,0.231,0.061,0.061,0.0277,0.0655,0.0595,0.1335,0.0575,0.0545,0.02705,0.065,0.083,0.01865,0.063,0.0625,0.0168
0029_1,0029,0.072,0.00795,0.0232,0.088,0.088,0.204,0.08,0.095,0.192,,,,0.096,0.091,0.2,0.0995,0.12,0.232,0.072,0.073,0.281,0.108,0.119,0.0299,0.088,0.088,0.193,0.08,0.088,0.0263,0.088,0.111,0.0272,0.107,0.128,0.0251
0030_1,0030,0.1045,0.01025,0.0285,0.1085,0.113,0.228,0.0955,0.114,0.2285,,,,0.091,0.122,0.283,0.108,0.128,0.285,0.0845,0.096,0.2975,0.1165,0.105,0.0275,0.077,0.107,0.1855,0.1155,0.1115,0.03265,0.12,0.106,0.0339,0.1155,0.1345,0.0298
0030_2,0030,0.035,0.0128,0.031,0.119,0.121,0.263,0.0955,0.11,0.2275,,,,0.0875,0.112,0.274,0.112,0.128,0.302,0.0785,0.093,0.291,0.103,0.106,0.0316,0.08,0.105,0.217,0.121,0.094,0.0391,0.109,0.108,0.0355,0.11,0.1335,0.03015
0031_1,0031,0.079,0.00835,0.0244,0.089,0.096,0.248,0.087,0.096,0.232,0.0033,0.0796,0.00847,0.089,0.095,0.216,0.1,0.088,0.315,0.08,0.0875,0.279,0.0995,0.088,0.03035,0.088,0.096,0.256,0.096,0.088,0.03275,0.103,0.096,0.0351,0.1035,0.096,0.0304
0031_2,0031,0.086,0.0096,0.0272,0.096,0.095,0.2325,0.089,0.095,0.223,0.0033,0.1394,0.014265,0.087,0.111,0.224,0.104,0.096,0.336,0.081,0.088,0.28,0.0995,0.0885,0.0332,0.088,0.104,0.28,0.088,0.08,0.0256,0.1075,0.116,0.0335,0.096,0.104,0.03395
0032_1,0032,0.061,0.0062,0.0178,0.0765,0.079,0.1805,0.073,0.078,0.169,,,,0.0795,0.083,0.204,0.0815,0.075,0.2205,0.072,0.086,0.159,0.0805,0.084,0.02415,0.052,0.112,0.164,0.077,0.0905,0.02695,0.075,0.0905,0.0182,0.0705,0.0995,0.0327
0032_2,0032,0.055,0.0055,0.0163,0.08,0.076,0.175,0.0845,0.076,0.192,,,,0.0865,0.0805,0.2445,0.082,0.085,0.21,0.0755,0.0965,0.1795,0.08,0.089,0.0218,0.069,0.121,0.182,0.0825,0.0915,0.03395,0.075,0.086,0.0194,0.077,0.112,0.0233
0033_1,0033,0.082,0.0089,0.02685,0.095,0.09,0.206,0.099,0.0815,0.2095,0.0174,0.0088,0.003865,0.077,0.092,0.2375,0.084,0.108,0.234,0.066,0.053,0.26,0.0935,0.08,0.03235,0.1025,0.097,0.3025,0.0705,0.0795,0.03485,0.079,0.097,0.0272,0.087,0.121,0.0289
0033_2,0033,0.0775,0.0081,0.0234,0.0995,0.0855,0.2135,0.1015,0.0845,0.223,,,,0.077,0.091,0.255,0.078,0.104,0.24,0.072,0.083,0.306,0.0805,0.094,0.03475,0.071,0.088,0.232,0.082,0.075,0.0394,0.093,0.1095,0.0383,0.083,0.1,0.0222
0034_1,0034,0.071,0.0073,0.0235,0.124,0.0945,0.3235,0.132,0.092,0.314,0.0505,0.0154,0.00659,0.098,0.106,0.324,0.097,0.126,0.61,0.1025,0.0885,0.3165,0.096,0.122,0.0639,0.102,0.122,0.305,0.095,0.097,0.0651,0.1,0.126,0.04385,0.091,0.123,0.0835
0034_2,0034,0.08,0.0079,0.0267,0.133,0.1,0.328,0.129,0.101,0.304,0.003,0.0579,0.00616,0.102,0.105,0.335,0.102,0.137,0.53,0.1035,0.0995,0.353,0.108,0.113,0.0547,0.102,0.1285,0.31,0.096,0.1015,0.06775,0.103,0.132,0.047,0.1025,0.131,0.05245
0035_1,0035,0.063,0.00705,0.01945,0.096,0.088,0.2195,0.088,0.088,0.224,,,,0.091,0.095,0.2755,0.088,0.094,0.232,0.094,0.088,0.279,0.095,0.09,0.0341,0.0795,0.0955,0.2155,0.095,0.089,0.0575,0.096,0.088,0.028,0.095,0.096,0.0263
0035_2,0035,0.0615,0.00695,0.01895,0.096,0.089,0.248,0.087,0.088,0.24,,,,0.095,0.095,0.255,0.095,0.103,0.375,0.087,0.095,0.255,0.088,0.096,0.0327,0.088,0.088,0.223,0.096,0.0955,0.032,0.094,0.087,0.0336,0.095,0.104,0.0279
0036_1,0036,0.0725,0.00795,0.0276,0.096,0.08,0.184,0.104,0.08,0.212,,,,0.0635,0.08,0.248,0.08,0.112,0.303,0.072,0.072,0.24,0.08,0.1155,0.0324,0.064,0.112,0.288,0.072,0.072,0.028,0.08,0.1195,0.02755,0.08,0.1315,0.0292
0037_1,0037,,,,0.1085,0.086,0.2365,0.098,0.083,0.231,,,,0.057,0.085,0.3145,0.085,0.1175,0.404,0.0565,0.063,0.274,0.083,0.093,0.0486,0.063,0.095,0.269,0.0735,0.083,0.0451,0.0845,0.105,0.0313,0.082,0.115,0.03265
0037_2,0037,,,,0.115,0.091,0.273,0.1065,0.088,0.267,,,,0.064,0.088,0.334,0.093,0.117,0.363,0.063,0.071,0.2885,0.083,0.0895,0.04415,0.071,0.105,0.275,0.085,0.087,0.0512,0.091,0.102,0.0368,0.097,0.126,0.0321
0038_1,0038,0.069,0.0071,0.0222,0.072,0.071,0.168,0.064,0.075,0.1585,0.0342,0.0231,0.21947,0.057,0.081,0.23,0.071,0.078,0.226,0.055,0.068,0.208,0.0775,0.063,0.0218,0.072,0.068,0.1715,0.076,0.062,0.0255,0.072,0.068,0.0197,0.0715,0.0775,0.0278
0038_2,0038,0.075,0.0079,0.0248,0.078,0.076,0.172,0.0665,0.0745,0.1625,0.0394,0.0251,0.010295,0.0555,0.075,0.233,0.0765,0.0745,0.2095,0.057,0.071,0.227,0.0735,0.0695,0.0257,0.069,0.0685,0.1905,0.075,0.067,0.0293,0.074,0.068,0.022,0.0805,0.086,0.03155
0039_1,0039,0.072,0.0076,0.02245,0.101,0.071,0.19,0.084,0.074,0.196,0.0378,0.021,0.00716,0.0735,0.0815,0.2725,0.0805,0.108,0.272,0.095,0.0765,0.194,0.0755,0.0845,0.0182,0.071,0.084,0.238,0.08,0.084,0.0304,0.069,0.102,0.0252,0.0695,0.1055,0.0333
0039_2,0039,0.0685,0.00815,0.02255,0.108,0.076,0.21,0.085,0.072,0.198,,,,0.072,0.078,0.25,0.077,0.1025,0.2185,0.094,0.079,0.195,0.077,0.086,0.02755,0.069,0.085,0.238,0.076,0.085,0.0282,0.0745,0.0945,0.0226,0.069,0.117,0.0259
0040_1,0040,0.037,0.0049,0.0177,0.085,0.062,0.165,0.108,0.062,0.178,0.0063,0.0275,0.00852,0.0695,0.0735,0.2055,0.071,0.07,0.305,0.063,0.075,0.179,0.072,0.072,0.0216,0.058,0.1115,0.256,0.0675,0.0625,0.02905,0.068,0.064,0.0228,0.071,0.108,0.0281
0040_2,0040,0.035,0.0048,0.0179,0.1085,0.06,0.175,0.088,0.065,0.1815,0.04425,0.0258,0.011405,0.083,0.068,0.235,0.0685,0.0865,0.2445,0.068,0.072,0.2,0.071,0.064,0.0227,0.05,0.111,0.258,0.061,0.0485,0.0321,0.079,0.065,0.0234,0.067,0.0905,0.02375
0041_1,0041,0.062,0.0062,0.0218,0.071,0.064,0.189,0.0735,0.07,0.207,,,,0.07,0.078,0.302,0.0705,0.069,0.243,0.071,0.07,0.253,0.074,0.079,0.0279,0.069,0.071,0.197,0.0705,0.0705,0.033,0.0695,0.0615,0.02225,0.07,0.0745,0.0254
0041_2,0041,0.061,0.00615,0.0225,0.074,0.07,0.184,0.0705,0.071,0.2155,,,,0.07,0.076,0.302,0.07,0.07,0.215,0.07,0.079,0.272,0.079,0.0785,0.0344,0.072,0.078,0.221,0.0735,0.07,0.03375,0.0745,0.069,0.02815,0.075,0.084,0.0236
0042_1,0042,0.0635,0.00835,0.0234,0.078,0.091,0.244,0.08,0.094,0.2705,0.003,0.0192,0.00224,0.085,0.093,0.311,0.093,0.082,0.27,0.085,0.0875,0.2695,0.094,0.081,0.03535,0.081,0.0755,0.1915,0.0935,0.0885,0.0441,0.087,0.087,0.0338,0.092,0.082,0.0337
0042_2,0042,0.075,0.0075,0.02315,0.0915,0.0855,0.2565,0.085,0.0885,0.2505,0.00305,0.02655,0.00326,0.085,0.085,0.321,0.087,0.085,0.269,0.087,0.088,0.277,0.0845,0.082,0.0357,0.0765,0.085,0.226,0.0835,0.084,0.0484,0.084,0.0825,0.04555,0.089,0.084,0.042
0043_1,0043,0.058,0.0071,0.02215,0.053,0.0655,0.1885,0.051,0.064,0.1785,0.026,0.0216,0.00904,0.0625,0.057,0.1705,0.058,0.049,0.243,0.057,0.062,0.249,0.062,0.06,0.02515,0.0515,0.0555,0.194,0.058,0.063,0.0258,0.059,0.057,0.0255,0.063,0.053,0.028
0043_2,0043,0.037,0.0178,0.0301,0.053,0.0635,0.197,0.053,0.063,0.197,0.0315,0.0413,0.01404,0.0595,0.0625,0.1885,0.0615,0.0485,0.226,0.057,0.065,0.253,0.062,0.057,0.0225,0.0515,0.055,0.189,0.0615,0.062,0.02895,0.062,0.054,0.0221,0.061,0.05,0.0235
0044_1,0044,0.072,0.0081,0.02465,0.093,0.103,0.2045,0.085,0.102,0.182,,,,0.077,0.101,0.2,0.103,0.113,0.284,0.069,0.087,0.265,0.094,0.092,0.0296,0.071,0.112,0.225,0.102,0.0815,0.0246,0.094,0.101,0.0276,0.1,0.123,0.0274
0044_2,0044,0.072,0.0081,0.0245,0.102,0.102,0.215,0.106,0.1015,0.2185,,,,0.0825,0.102,0.2195,0.1035,0.1055,0.27,0.071,0.102,0.274,0.0905,0.1015,0.02725,0.081,0.122,0.222,0.104,0.074,0.024,0.0915,0.082,0.0274,0.096,0.111,0.0234
0045_1,0045,0.08,0.0083,0.0245,0.088,0.079,0.214,0.1,0.079,0.231,0.0556,0.0397,0.03827,0.076,0.084,0.251,0.081,0.0985,0.381,0.092,0.086,0.248,0.0875,0.072,0.02595,0.067,0.095,0.281,0.079,0.079,0.0327,0.08,0.0975,0.024,0.08,0.083,0.0242
0045_2,0045,0.084,0.01195,0.02855,0.079,0.08,0.208,0.092,0.083,0.213,0.0412,0.0444,0.00911,0.0815,0.0845,0.2625,0.085,0.079,0.245,0.107,0.088,0.272,0.088,0.066,0.0309,0.061,0.092,0.233,0.083,0.075,0.0359,0.084,0.091,0.0233,0.082,0.0905,0.02985
0045_3,0045,0.084,0.0095,0.0282,0.079,0.084,0.203,0.083,0.0825,0.2295,,,,0.08,0.087,0.2445,0.089,0.084,0.2715,0.083,0.082,0.274,0.085,0.072,0.0257,0.063,0.08,0.23,0.079,0.075,0.0336,0.087,0.088,0.0278,0.088,0.091,0.0321
0046_1,0046,0.056,0.008,0.0217,0.096,0.071,0.18,0.088,0.07,0.174,,,,0.0715,0.07,0.249,0.071,0.092,0.268,0.072,0.071,0.239,0.074,0.108,0.0237,0.074,0.1,0.187,0.0745,0.0795,0.03195,0.08,0.129,0.02915,0.07,0.1035,0.0271
0046_2,0046,0.034,0.0099,0.02595,0.099,0.066,0.1805,0.085,0.068,0.177,,,,0.074,0.0685,0.2615,0.073,0.0885,0.2375,0.0715,0.0685,0.239,0.067,0.111,0.0264,0.078,0.099,0.19,0.07,0.078,0.0359,0.077,0.114,0.0244,0.075,0.102,0.0218
0047_1,0047,0.0895,0.00865,0.02635,0.119,0.085,0.249,0.112,0.085,0.238,0.0337,0.0276,0.06614,0.093,0.087,0.291,0.086,0.129,0.634,0.098,0.109,0.255,0.092,0.099,0.0811,0.094,0.099,0.2735,0.08,0.108,0.0474,0.0845,0.1015,0.05585,0.09,0.1055,0.04535
0047_2,0047,0.0785,0.0084,0.02475,0.12,0.0835,0.252,0.115,0.0865,0.2365,0.0034,0.05875,0.006225,0.097,0.088,0.292,0.088,0.118,0.6255,0.098,0.125,0.224,0.087,0.111,0.0889,0.095,0.109,0.276,0.085,0.105,0.0479,0.0815,0.1,0.0577,0.0835,0.112,0.09635
0048_1,0048,0.04,0.0064,0.0224,0.065,0.079,0.184,0.0685,0.0645,0.167,0.0033,0.037,0.00435,0.0635,0.0685,0.2565,0.064,0.072,0.225,0.064,0.079,0.232,0.079,0.068,0.01955,0.064,0.072,0.144,0.079,0.064,0.0297,0.064,0.088,0.0192,0.065,0.079,0.0215
0048_2,0048,0.034,0.008,0.0208,0.064,0.064,0.172,0.064,0.064,0.168,,,,0.0635,0.0645,0.268,0.072,0.08,0.224,0.06,0.064,0.2165,0.064,0.072,0.0216,0.064,0.0715,0.1485,0.064,0.065,0.0296,0.065,0.087,0.0225,0.064,0.079,0.02
0049_1,0049,0.0905,0.00895,0.0294,0.143,0.123,0.291,0.143,0.135,0.309,,,,0.131,0.139,0.348,0.139,0.162,0.454,0.1195,0.153,0.3985,0.139,0.123,0.047,0.152,0.127,0.279,0.127,0.141,0.0467,0.144,0.139,0.043,0.1395,0.1185,0.03705
0049_2,0049,0.089,0.0111,0.0339,0.144,0.126,0.288,0.143,0.129,0.307,,,,0.1275,0.1425,0.363,0.139,0.147,0.444,0.1235,0.139,0.412,0.136,0.131,0.0472,0.128,0.139,0.3,0.1415,0.1505,0.0503,0.135,0.135,0.042,0.146,0.127,0.0382
0050_1,0050,0.021,0.002,0.0197,0.019,0.024,0.0925,0.019,0.026,0.123,,,,0.016,0.031,0.2505,0.0265,0.0235,0.2485,0.02,0.0185,0.188,0.026,0.024,0.0419,0.017,0.018,0.204,0.0265,0.024,0.0414,0.028,0.024,0.0779,0.029,0.025,0.0225
0051_1,0051,0.052,0.0053,0.018,0.081,0.078,0.166,0.094,0.0865,0.1835,,,,0.068,0.086,0.203,0.083,0.1045,0.23,0.0695,0.0675,0.128,0.07,0.111,0.0196,0.0725,0.1035,0.1885,0.0745,0.0815,0.025,0.095,0.114,0.0243,0.087,0.114,0.02225
0051_2,0051,0.0475,0.00555,0.01805,0.081,0.079,0.163,0.103,0.084,0.184,,,,0.058,0.087,0.191,0.083,0.095,0.223,0.061,0.093,0.171,0.087,0.095,0.0223,0.076,0.113,0.209,0.077,0.087,0.0257,0.086,0.112,0.0243,0.077,0.113,0.0181
0051_3,0051,0.052,0.00605,0.01825,0.1015,0.089,0.2035,0.089,0.082,0.175,0.0203,0.0126,0.00456,0.069,0.0865,0.2125,0.089,0.104,0.301,0.07,0.086,0.173,0.087,0.112,0.0337,0.077,0.117,0.2105,0.078,0.081,0.02615,0.095,0.1025,0.0196,0.0865,0.122,0.02375
0052_1,0052,0.061,0.0081,0.0232,0.111,0.102,0.221,0.0975,0.1045,0.2075,0.004,0.0554,0.00634,0.111,0.131,0.242,0.116,0.141,0.312,0.073,0.141,0.221,0.118,0.132,0.0307,0.075,0.1725,0.2325,0.0905,0.071,0.02615,0.1115,0.1475,0.03465,0.1145,0.153,0.0306
0052_2,0052,0.041,0.01725,0.0273,0.12,0.11,0.224,0.101,0.117,0.214,0.004,0.048,0.0052,0.12,0.121,0.253,0.1185,0.1635,0.333,0.084,0.151,0.243,0.117,0.14,0.035,0.071,0.131,0.212,0.1195,0.0715,0.0268,0.1075,0.1385,0.0274,0.114,0.16,0.0327
0053_1,0053,0.064,0.00815,0.0241,0.112,0.111,0.24,0.112,0.111,0.224,,,,0.064,0.096,0.24,0.112,0.144,0.319,0.063,0.063,0.288,0.1115,0.096,0.0319,0.08,0.096,0.288,0.096,0.0795,0.048,0.112,0.096,0.024,0.1115,0.104,0.02955
0053_2,0053,0.064,0.008,0.0232,0.112,0.112,0.255,0.112,0.111,0.224,,,,0.064,0.096,0.24,0.112,0.112,0.288,0.064,0.064,0.32,0.112,0.128,0.0319,0.08,0.096,0.272,0.112,0.096,0.0304,0.112,0.096,0.0304,0.096,0.096,0.0272
0054_1,0054,0.046,0.0061,0.0259,0.0675,0.0705,0.2155,0.072,0.066,0.23,0.00315,0.0447,0.00482,0.0645,0.0725,0.351,0.069,0.069,0.258,0.067,0.0665,0.31,0.073,0.071,0.03735,0.066,0.0675,0.2565,0.066,0.0665,0.0543,0.073,0.071,0.0396,0.076,0.068,0.0336
0055_1,0055,0.056,0.0056,0.0248,0.08,0.047,0.316,0.072,0.04,0.4195,0.0033,0.0508,0.005415,0.056,0.047,0.424,0.04,0.072,0.984,0.052,0.052,0.468,0.04,0.072,0.096,0.072,0.064,0.268,0.04,0.056,0.1408,0.04,0.072,0.1112,0.047,0.08,0.0863
0055_2,0055,0.056,0.0056,0.0224,0.064,0.04,0.312,0.064,0.04,0.352,0.0033,0.0372,0.00405,0.048,0.04,0.392,0.04,0.064,0.944,0.048,0.048,0.472,0.04,0.063,0.1012,0.064,0.06,0.272,0.04,0.056,0.10515,0.04,0.064,0.0823,0.0435,0.0675,0.12235
0056_1,0056,0.08,0.008,0.02295,0.1015,0.1105,0.2345,0.096,0.1195,0.2355,,,,0.1,0.111,0.269,0.1,0.111,0.23,0.091,0.0895,0.27,0.1015,0.111,0.02255,0.1,0.111,0.291,0.0995,0.11,0.023,0.095,0.116,0.0195,0.1015,0.12,0.02315
0056_2,0056,0.081,0.009,0.0241,0.1,0.1155,0.23,0.1,0.12,0.23,0.0263,0.0263,0.00653,0.11,0.11,0.251,0.11,0.109,0.223,0.092,0.098,0.26,0.111,0.1145,0.0259,0.098,0.11,0.291,0.0985,0.111,0.02295,0.08,0.111,0.018,0.101,0.101,0.0231
0057_1,0057,0.088,0.0092,0.0272,0.104,0.097,0.264,0.112,0.104,0.264,0.0033,0.0325,0.00358,0.104,0.116,0.3,0.097,0.104,0.296,0.096,0.108,0.256,0.104,0.112,0.028,0.104,0.124,0.288,0.096,0.12,0.0328,0.104,0.168,0.0336,0.096,0.104,0.0256
0057_2,0057,0.104,0.0092,0.0292,0.104,0.104,0.248,0.104,0.104,0.248,0.0033,0.0699,0.00765,0.112,0.104,0.296,0.096,0.104,0.316,0.112,0.112,0.248,0.104,0.112,0.0312,0.12,0.128,0.312,0.096,0.112,0.036,0.104,0.136,0.032,0.096,0.104,0.0256
0058_1,0058,0.0635,0.0064,0.02445,0.058,0.0675,0.185,0.062,0.068,0.1825,0.0305,0.0247,0.04688,0.056,0.062,0.2615,0.064,0.063,0.41,0.06,0.059,0.268,0.064,0.065,0.0407,0.058,0.064,0.211,0.063,0.058,0.0341,0.0685,0.062,0.0313,0.0625,0.058,0.0249
0058_2,0058,0.036,0.008,0.0239,0.059,0.064,0.187,0.058,0.064,0.204,,,,0.054,0.062,0.265,0.064,0.059,0.33,0.059,0.0565,0.286,0.068,0.059,0.0286,0.058,0.058,0.19,0.063,0.059,0.0369,0.063,0.0585,0.04735,0.064,0.058,0.02645
0059_1,0059,0.0745,0.00765,0.0249,0.145,0.07,0.239,0.13,0.074,0.231,,,,0.076,0.062,0.271,0.068,0.158,0.298,0.0795,0.0695,0.261,0.061,0.157,0.0425,0.1185,0.134,0.309,0.0715,0.0825,0.0729,0.065,0.152,0.03455,0.067,0.164,0.0353
0059_2,0059,0.065,0.0074,0.0237,0.152,0.064,0.2535,0.123,0.067,0.22,0.1008,0.0275,0.06974,0.067,0.061,0.258,0.061,0.166,0.408,0.0775,0.0665,0.258,0.066,0.152,0.0775,0.125,0.126,0.337,0.059,0.077,0.039,0.063,0.1545,0.0356,0.064,0.181,0.0459
0060_1,0060,0.0725,0.0063,0.02275,0.0795,0.0785,0.218,0.068,0.077,0.213,0.0025,0.0853,0.00903,0.0765,0.082,0.234,0.08,0.134,0.315,0.069,0.073,0.319,0.0825,0.069,0.0302,0.07,0.07,0.236,0.079,0.0745,0.05345,0.0705,0.1275,0.035,0.078,0.076,0.03
0060_2,0060,0.055,0.00535,0.02275,0.076,0.078,0.211,0.069,0.076,0.213,0.0025,0.0473,0.005245,0.074,0.088,0.2475,0.084,0.093,0.313,0.064,0.062,0.286,0.076,0.069,0.0386,0.0695,0.0715,0.2185,0.074,0.066,0.0609,0.0845,0.1075,0.03525,0.085,0.075,0.0472
0061_1,0061,0.089,0.011,0.0289,0.1205,0.088,0.25,0.119,0.09,0.231,0.0031,0.04265,0.0053,0.079,0.091,0.305,0.09,0.13,0.28,0.08,0.09,0.291,0.0905,0.105,0.0286,0.089,0.12,0.249,0.09,0.09,0.032,0.09,0.139,0.0259,0.0955,0.1575,0.04605
0061_2,0061,0.0395,0.011,0.027,0.13,0.085,0.24,0.1105,0.09,0.249,0.0031,0.0469,0.00531,0.08,0.1,0.32,0.089,0.149,0.26,0.0895,0.095,0.29,0.09,0.0895,0.029,0.09,0.12,0.249,0.097,0.091,0.0339,0.085,0.131,0.0265,0.0995,0.135,0.02645
0061_3,0061,0.08,0.011,0.028,0.1205,0.0995,0.2505,0.119,0.0995,0.2545,0.0031,0.0651,0.00711,0.08,0.09,0.3095,0.09,0.139,0.24,0.09,0.09,0.3,0.09,0.098,0.0729,0.09,0.1245,0.25,0.099,0.09,0.032,0.1,0.14,0.0275,0.1,0.14,0.0275
0062_1,0062,0.0665,0.00675,0.0244,0.138,0.121,0.256,0.1195,0.123,0.268,0.0034,0.04385,0.004805,0.11,0.125,0.332,0.1235,0.1355,0.331,0.1025,0.152,0.2625,0.125,0.125,0.0358,0.0825,0.1345,0.235,0.102,0.15,0.0433,0.1245,0.1165,0.0305,0.125,0.158,0.0377
0062_2,0062,0.066,0.0058,0.02345,0.14,0.117,0.261,0.119,0.118,0.261,0.0034,0.1383,0.01419,0.113,0.118,0.299,0.119,0.123,0.334,0.1015,0.0975,0.1995,0.126,0.1275,0.03245,0.078,0.125,0.202,0.096,0.155,0.0373,0.121,0.0985,0.03185,0.11,0.15,0.0311
0063_1,0063,0.089,0.00905,0.02635,0.1365,0.101,0.2855,0.1335,0.102,0.264,0.00325,0.0337,0.00386,0.112,0.104,0.244,0.1005,0.121,0.284,0.117,0.093,0.288,0.0975,0.1185,0.0381,0.1045,0.136,0.311,0.109,0.114,0.0268,0.0985,0.153,0.0356,0.107,0.1205,0.0271
0063_2,0063,0.0885,0.0094,0.0258,0.126,0.104,0.275,0.1175,0.1045,0.2675,0.02825,0.02275,0.033455,0.104,0.101,0.285,0.101,0.111,0.321,0.109,0.085,0.267,0.0995,0.122,0.0347,0.099,0.116,0.29,0.11,0.114,0.0393,0.1015,0.1385,0.03805,0.097,0.122,0.0338
0064_1,0064,0.088,0.0095,0.026,0.096,0.08,0.336,0.1005,0.085,0.3505,,,,0.084,0.09,0.442,0.089,0.103,0.8245,0.087,0.088,0.3465,0.085,0.096,0.0637,0.105,0.096,0.356,0.087,0.0825,0.0749,0.093,0.11,0.0401,0.086,0.088,0.03865
0064_2,0064,0.031,0.0095,0.0262,0.099,0.085,0.361,0.095,0.09,0.362,,,,0.09,0.089,0.422,0.089,0.091,0.546,0.086,0.09,0.372,0.085,0.1,0.0687,0.1,0.095,0.3785,0.0765,0.085,0.0781,0.0945,0.0985,0.0505,0.093,0.106,0.0416
0065_1,0065,0.084,0.0296,0.0465,0.071,0.088,0.232,0.072,0.088,0.192,,,,0.079,0.088,0.222,0.088,0.072,0.428,0.0755,0.084,0.279,0.088,0.08,0.0359,0.071,0.0715,0.18,0.088,0.089,0.0599,0.088,0.1035,0.0344,0.095,0.064,0.0256
0065_2,0065,0.084,0.00865,0.02705,0.0795,0.095,0.1995,0.073,0.096,0.2,,,,0.087,0.088,0.256,0.096,0.08,0.311,0.079,0.08,0.2915,0.0955,0.0835,0.0339,0.072,0.079,0.192,0.095,0.095,0.0672,0.088,0.095,0.0271,0.096,0.071,0.0272
0065_3,0065,0.084,0.0088,0.02805,0.072,0.088,0.2075,0.072,0.088,0.2,,,,0.085,0.088,0.224,0.095,0.087,0.3155,0.072,0.08,0.291,0.0875,0.0675,0.0307,0.076,0.0755,0.1755,0.095,0.087,0.0392,0.088,0.088,0.0311,0.0915,0.064,0.0348
0066_1,0066,0.084,0.01305,0.042,0.135,0.083,0.242,0.105,0.099,0.2585,,,,0.094,0.091,0.364,0.09,0.127,0.337,0.123,0.094,0.321,0.0925,0.118,0.0386,0.098,0.095,0.307,0.0865,0.106,0.0435,0.0965,0.123,0.0306,0.0965,0.1365,0.03825
0066_2,0066,0.0865,0.00905,0.026,0.1205,0.0825,0.23,0.095,0.086,0.223,,,,0.084,0.082,0.31,0.091,0.122,0.32,0.102,0.094,0.291,0.086,0.079,0.0333,0.0725,0.0765,0.238,0.078,0.095,0.0415,0.083,0.103,0.0316,0.083,0.123,0.037
0066_3,0066,0.1065,0.01085,0.03225,0.123,0.083,0.2465,0.108,0.0885,0.272,,,,0.087,0.086,0.323,0.087,0.117,0.303,0.091,0.086,0.285,0.079,0.102,0.035,0.074,0.072,0.242,0.0825,0.086,0.0365,0.079,0.114,0.0364,0.0875,0.1225,0.03585
0067_1,0067,0.032,0.0108,0.02185,0.062,0.075,0.199,0.0725,0.0775,0.196,0.0031,0.04555,0.005195,0.074,0.064,0.235,0.076,0.072,0.222,0.058,0.061,0.231,0.0705,0.076,0.0222,0.072,0.0765,0.243,0.089,0.071,0.0251,0.081,0.081,0.0207,0.066,0.076,0.0276
0067_2,0067,0.058,0.00665,0.02085,0.064,0.074,0.186,0.071,0.079,0.182,0.0031,0.1593,0.01624,0.071,0.074,0.221,0.0675,0.0775,0.2125,0.062,0.065,0.238,0.073,0.077,0.03055,0.073,0.078,0.23,0.113,0.078,0.0212,0.077,0.075,0.0204,0.074,0.079,0.0222
0067_3,0067,0.032,0.0104,0.0219,0.0665,0.0715,0.1825,0.069,0.071,0.183,0.0031,0.052,0.00582,0.078,0.081,0.242,0.097,0.06,0.228,0.0645,0.0615,0.2415,0.081,0.078,0.02745,0.072,0.07,0.219,0.072,0.073,0.0281,0.0725,0.074,0.03425,0.067,0.077,0.0233
0068_1,0068,0.048,0.0055,0.0209,0.072,0.08,0.192,0.08,0.08,0.192,0.00335,0.01395,0.001725,0.079,0.072,0.1905,0.086,0.08,0.289,0.064,0.073,0.255,0.079,0.076,0.0263,0.0885,0.087,0.191,0.08,0.08,0.0227,0.079,0.112,0.0295,0.072,0.072,0.0247
0068_2,0068,0.044,0.0052,0.0204,0.08,0.0865,0.208,0.0805,0.087,0.1995,,,,0.079,0.0795,0.2,0.087,0.073,0.272,0.064,0.079,0.256,0.0865,0.0805,0.02515,0.096,0.0915,0.2,0.079,0.072,0.03115,0.087,0.128,0.0352,0.087,0.078,0.0216
0069_1,0069,0.084,0.0099,0.0283,0.1285,0.118,0.2605,0.126,0.127,0.3055,0.003,0.0688,0.007505,0.102,0.1395,0.3275,0.139,0.125,0.304,0.1085,0.117,0.2565,0.131,0.136,0.0268,0.075,0.132,0.201,0.1185,0.119,0.0336,0.113,0.157,0.0292,0.121,0.1445,0.02935
0069_2,0069,0.083,0.0094,0.028,0.141,0.125,0.284,0.118,0.126,0.258,0.003,0.0335,0.00401,0.104,0.122,0.326,0.121,0.132,0.272,0.109,0.116,0.257,0.132,0.131,0.0289,0.0885,0.126,0.2195,0.119,0.106,0.03775,0.121,0.1325,0.03265,0.119,0.1455,0.0304
0069_3,0069,0.078,0.0087,0.0264,0.13,0.117,0.265,0.127,0.122,0.2765,0.003,0.023,0.0028,0.099,0.111,0.32,0.124,0.13,0.288,0.116,0.109,0.264,0.1095,0.121,0.0271,0.085,0.135,0.23,0.11,0.107,0.0333,0.124,0.1455,0.0307,0.118,0.138,0.0302
0070_1,0070,0.0555,0.0079,0.0219,0.084,0.08,0.189,0.08,0.083,0.186,0.0294,0.024,0.00758,0.07,0.085,0.2645,0.078,0.09,0.189,0.0645,0.0835,0.234,0.085,0.081,0.0234,0.073,0.0775,0.197,0.0795,0.077,0.02865,0.08,0.085,0.0178,0.08,0.089,0.0189
0070_2,0070,0.0705,0.008,0.02365,0.0815,0.084,0.194,0.08,0.084,0.188,0.0415,0.0595,0.01164,0.074,0.089,0.282,0.083,0.09,0.209,0.081,0.085,0.253,0.0815,0.081,0.0246,0.074,0.09,0.236,0.076,0.071,0.0293,0.0785,0.092,0.019,0.089,0.09,0.0215
0071_1,0071,0.1235,0.0126,0.0315,0.121,0.132,0.285,0.124,0.126,0.267,0.0033,0.06685,0.007685,0.1155,0.131,0.2745,0.119,0.135,0.266,0.103,0.111,0.323,0.122,0.124,0.0327,0.11,0.121,0.3,0.13,0.131,0.03,0.1225,0.125,0.0267,0.141,0.128,0.02925
0071_2,0071,0.1245,0.0143,0.0325,0.117,0.141,0.276,0.123,0.132,0.301,0.0033,0.0825,0.008745,0.111,0.142,0.319,0.1325,0.13,0.279,0.1055,0.114,0.329,0.127,0.1345,0.03315,0.118,0.126,0.287,0.1215,0.133,0.0369,0.141,0.14,0.0354,0.138,0.132,0.0326
0071_3,0071,0.034,0.0147,0.0272,0.125,0.137,0.301,0.125,0.131,0.2765,0.0033,0.0708,0.007395,0.124,0.137,0.294,0.133,0.14,0.2855,0.109,0.116,0.327,0.122,0.134,0.02835,0.116,0.1195,0.3035,0.13,0.1235,0.0339,0.115,0.132,0.0247,0.133,0.138,0.0354
0072_1,0072,0.041,0.0222,0.0347,0.111,0.095,0.221,0.128,0.0985,0.2415,0.004,0.141,0.01451,0.072,0.082,0.298,0.101,0.092,0.262,0.064,0.09,0.268,0.093,0.112,0.0362,0.09,0.124,0.286,0.0815,0.0855,0.0308,0.089,0.1465,0.035,0.099,0.162,0.0308
0072_2,0072,0.041,0.09305,0.1037,0.11,0.089,0.193,0.132,0.08,0.2125,,,,0.0715,0.0925,0.301,0.089,0.092,0.245,0.07,0.0915,0.2585,0.101,0.161,0.0323,0.096,0.1215,0.287,0.081,0.081,0.0311,0.101,0.141,0.0295,0.091,0.162,0.0324
0072_3,0072,0.059,0.0101,0.0246,0.1315,0.0905,0.237,0.121,0.092,0.222,0.0041,0.03185,0.0036,0.07,0.085,0.308,0.086,0.101,0.245,0.0705,0.0795,0.2545,0.096,0.103,0.0274,0.097,0.129,0.294,0.081,0.082,0.0322,0.1,0.1495,0.02605,0.0985,0.126,0.02665
0073_1,0073,0.03,0.0074,0.0209,0.089,0.0885,0.189,0.079,0.094,0.184,,,,0.059,0.1,0.194,0.0945,0.0865,0.229,0.069,0.075,0.239,0.099,0.09,0.0236,0.0545,0.089,0.1445,0.095,0.071,0.019,0.089,0.091,0.02535,0.089,0.093,0.0214
0073_2,0073,0.03,0.0159,0.0278,0.094,0.08,0.199,0.089,0.104,0.208,0.003,0.02245,0.002695,0.06,0.1075,0.195,0.095,0.089,0.258,0.0695,0.066,0.239,0.095,0.099,0.0303,0.057,0.094,0.149,0.0945,0.07,0.0236,0.082,0.09,0.02685,0.095,0.104,0.02515
0074_1,0074,0.084,0.05,0.06675,0.104,0.14,0.328,0.1015,0.1695,0.332,,,,0.107,0.122,0.272,0.14,0.084,0.866,0.056,0.088,0.284,0.146,0.0795,0.07875,0.0815,0.0955,0.2815,0.128,0.073,0.118,0.167,0.08,0.0691,0.156,0.096,0.0487
0074_2,0074,0.08,0.0088,0.024,0.088,0.132,0.287,0.088,0.132,0.284,,,,0.108,0.1415,0.3005,0.129,0.0795,0.6255,0.068,0.084,0.283,0.116,0.09,0.0297,0.08,0.087,0.253,0.128,0.098,0.09515,0.168,0.084,0.0313,0.132,0.098,0.05775
0074_3,0074,0.083,0.0092,0.0285,0.107,0.1215,0.2875,0.099,0.123,0.275,0.2676,0.0547,0.14648,0.104,0.141,0.3065,0.125,0.0875,0.498,0.064,0.088,0.288,0.118,0.08,0.052,0.085,0.096,0.2665,0.128,0.08,0.0844,0.13,0.08,0.05785,0.121,0.118,0.0301
0075_1,0075,0.103,0.0088,0.0371,0.117,0.08,0.303,0.095,0.079,0.272,,,,0.076,0.076,0.384,0.08,0.093,0.489,0.083,0.079,0.369,0.079,0.075,0.04135,0.091,0.092,0.293,0.075,0.09,0.0591,0.077,0.076,0.0386,0.083,0.108,0.04
0075_2,0075,0.096,0.0091,0.0287,0.1235,0.0785,0.312,0.105,0.08,0.329,,,,0.078,0.081,0.4235,0.086,0.101,0.434,0.091,0.08,0.378,0.084,0.083,0.0427,0.093,0.096,0.3,0.076,0.087,0.0663,0.078,0.0855,0.05645,0.085,0.1135,0.0432
0076_1,0076,0.031,0.0133,0.0256,0.177,0.088,0.284,0.149,0.09,0.305,,,,0.089,0.09,0.2905,0.087,0.154,0.32,0.091,0.089,0.291,0.09,0.1135,0.03025,0.0885,0.1625,0.26,0.0895,0.093,0.03285,0.069,0.1665,0.0242,0.093,0.2235,0.0392
0076_2,0076,0.09,0.0098,0.02595,0.161,0.08,0.269,0.1335,0.088,0.2655,,,,0.085,0.091,0.298,0.079,0.1665,0.2845,0.085,0.091,0.2875,0.087,0.146,0.0318,0.0865,0.146,0.2455,0.08,0.093,0.0325,0.081,0.152,0.0241,0.087,0.187,0.03315
0077_1,0077,0.015,0.0014,0.0144,0.015,0.018,0.147,0.0135,0.019,0.1495,,,,0.0085,0.022,0.238,0.023,0.022,0.241,0.017,0.015,0.184,0.019,0.028,0.0283,0.013,0.014,0.175,0.0185,0.0225,0.03195,0.024,0.026,0.0229,0.021,0.021,0.0256
0077_2,0077,0.014,0.0012,0.01495,0.013,0.021,0.151,0.014,0.02,0.151,,,,0.01,0.023,0.223,0.02,0.024,0.222,0.017,0.015,0.189,0.022,0.0275,0.02895,0.013,0.015,0.182,0.021,0.024,0.0301,0.023,0.026,0.0391,0.022,0.0275,0.04005
0078_1,0078,0.056,0.00655,0.02165,0.072,0.057,0.176,0.064,0.064,0.1645,0.0276,0.0185,0.00692,0.078,0.072,0.158,0.064,0.072,0.263,0.056,0.0605,0.2555,0.064,0.064,0.02075,0.057,0.071,0.135,0.065,0.063,0.024,0.0675,0.056,0.02035,0.064,0.076,0.02165
0078_2,0078,0.055,0.0056,0.0201,0.0715,0.064,0.177,0.064,0.063,0.175,,,,0.064,0.072,0.159,0.071,0.064,0.2875,0.055,0.065,0.265,0.0595,0.056,0.018,0.06,0.08,0.128,0.0675,0.056,0.0248,0.064,0.057,0.0256,0.0635,0.073,0.0252
0079_1,0079,0.06,0.0064,0.0194,0.09,0.076,0.232,0.079,0.076,0.227,0.0482,0.0336,0.03012,0.09,0.0795,0.1825,0.073,0.0795,0.2435,0.069,0.103,0.253,0.064,0.1,0.0262,0.056,0.0925,0.145,0.076,0.084,0.023,0.069,0.096,0.0249,0.0795,0.102,0.0256
0079_2,0079,0.059,0.0073,0.0196,0.091,0.0825,0.24,0.072,0.078,0.233,0.0379,0.0272,0.01833,0.088,0.076,0.188,0.076,0.083,0.272,0.072,0.091,0.246,0.075,0.095,0.0257,0.0625,0.0835,0.1455,0.076,0.099,0.0226,0.068,0.091,0.0246,0.076,0.104,0.0236
0080_1,0080,0.084,0.0085,0.0251,0.1255,0.115,0.2455,0.117,0.12,0.2335,0.0019,0.03205,0.003575,0.117,0.122,0.25,0.117,0.1435,0.41,0.098,0.122,0.3345,0.114,0.15,0.03695,0.117,0.164,0.271,0.117,0.143,0.0378,0.1215,0.164,0.0471,0.122,0.127,0.0328
0080_2,0080,0.074,0.0085,0.0228,0.117,0.1165,0.234,0.105,0.117,0.223,0.002,0.0234,0.00278,0.111,0.1275,0.2545,0.12,0.127,0.425,0.096,0.117,0.324,0.122,0.1595,0.04415,0.1035,0.1405,0.2575,0.1185,0.1385,0.0358,0.112,0.165,0.0328,0.125,0.139,0.0338
